-- CINEMAS
insert into Cinemas (id, is_3d, nr_of_seats) values (1, false, 240);
insert into Cinemas (id, is_3d, nr_of_seats) values (2, true, 243);
insert into Cinemas (id, is_3d, nr_of_seats) values (3, true, 122);
insert into Cinemas (id, is_3d, nr_of_seats) values (4, false, 88);
insert into Cinemas (id, is_3d, nr_of_seats) values (5, true, 235);
insert into Cinemas (id, is_3d, nr_of_seats) values (6, false, 130);
insert into Cinemas (id, is_3d, nr_of_seats) values (7, true, 290);
insert into Cinemas (id, is_3d, nr_of_seats) values (8, false, 204);
insert into Cinemas (id, is_3d, nr_of_seats) values (9, true, 145);
insert into Cinemas (id, is_3d, nr_of_seats) values (10, true, 72);

-- FILMS
insert into Films (id, title, category, description, duration) values (1, 'Grayeagle', 'Adventure|Drama|Romance|Western', 'Morbi porttitor lorem id ligula. Suspendisse ornare consequat lectus. In est risus, auctor sed, tristique in, tempus sit amet, sem.

Fusce consequat. Nulla nisl. Nunc nisl.', 7618);
insert into Films (id, title, category, description, duration) values (2, 'Room for One More', 'Comedy', 'Fusce consequat. Nulla nisl. Nunc nisl.

Duis bibendum, felis sed interdum venenatis, turpis enim blandit mi, in porttitor pede justo eu massa. Donec dapibus. Duis at velit eu est congue elementum.', 4799);
insert into Films (id, title, category, description, duration) values (3, 'Romance', 'Drama|Romance', 'Cras mi pede, malesuada in, imperdiet et, commodo vulputate, justo. In blandit ultrices enim. Lorem ipsum dolor sit amet, consectetuer adipiscing elit.

Proin interdum mauris non ligula pellentesque ultrices. Phasellus id sapien in sapien iaculis congue. Vivamus metus arcu, adipiscing molestie, hendrerit at, vulputate vitae, nisl.', 4422);
insert into Films (id, title, category, description, duration) values (4, 'Innerspace', 'Action|Adventure|Comedy|Sci-Fi', 'Nullam sit amet turpis elementum ligula vehicula consequat. Morbi a ipsum. Integer a nibh.

In quis justo. Maecenas rhoncus aliquam lacus. Morbi quis tortor id nulla ultrices aliquet.', 6368);
insert into Films (id, title, category, description, duration) values (5, 'Salmonberries', 'Drama', 'Nullam sit amet turpis elementum ligula vehicula consequat. Morbi a ipsum. Integer a nibh.', 6939);
insert into Films (id, title, category, description, duration) values (6, 'Kicking and Screaming', 'Comedy|Drama', 'Praesent blandit. Nam nulla. Integer pede justo, lacinia eget, tincidunt eget, tempus vel, pede.

Morbi porttitor lorem id ligula. Suspendisse ornare consequat lectus. In est risus, auctor sed, tristique in, tempus sit amet, sem.', 8257);
insert into Films (id, title, category, description, duration) values (7, 'Householder, The (Gharbar)', 'Comedy|Drama', 'Lorem ipsum dolor sit amet, consectetuer adipiscing elit. Proin risus. Praesent lectus.

Vestibulum quam sapien, varius ut, blandit non, interdum in, ante. Vestibulum ante ipsum primis in faucibus orci luctus et ultrices posuere cubilia Curae; Duis faucibus accumsan odio. Curabitur convallis.', 6798);
insert into Films (id, title, category, description, duration) values (8, 'Burn Paris Burn', 'Animation|Fantasy|Mystery', 'In sagittis dui vel nisl. Duis ac nibh. Fusce lacus purus, aliquet at, feugiat non, pretium quis, lectus.', 6910);
insert into Films (id, title, category, description, duration) values (9, 'Signs & Wonders', 'Drama', null, 8130);
insert into Films (id, title, category, description, duration) values (10, 'Only You', 'Comedy|Romance', 'Lorem ipsum dolor sit amet, consectetuer adipiscing elit. Proin risus. Praesent lectus.', 4889);
insert into Films (id, title, category, description, duration) values (11, 'Town Without Pity', 'Drama', 'Maecenas tristique, est et tempus semper, est quam pharetra magna, ac consequat metus sapien ut nunc. Vestibulum ante ipsum primis in faucibus orci luctus et ultrices posuere cubilia Curae; Mauris viverra diam vitae quam. Suspendisse potenti.

Nullam porttitor lacus at turpis. Donec posuere metus vitae ipsum. Aliquam non mauris.', 7388);
insert into Films (id, title, category, description, duration) values (12, 'Mount St. Elias', 'Documentary', 'Cras non velit nec nisi vulputate nonummy. Maecenas tincidunt lacus at velit. Vivamus vel nulla eget eros elementum pellentesque.', 6412);
insert into Films (id, title, category, description, duration) values (13, 'Behind Enemy Lines: Colombia (Behind Enemy Lines 3: Ghost Watch)', 'Action|Thriller|War', 'Maecenas leo odio, condimentum id, luctus nec, molestie sed, justo. Pellentesque viverra pede ac diam. Cras pellentesque volutpat dui.

Maecenas tristique, est et tempus semper, est quam pharetra magna, ac consequat metus sapien ut nunc. Vestibulum ante ipsum primis in faucibus orci luctus et ultrices posuere cubilia Curae; Mauris viverra diam vitae quam. Suspendisse potenti.', 6397);
insert into Films (id, title, category, description, duration) values (14, 'Ruby Cairo', 'Thriller', 'Proin eu mi. Nulla ac enim. In tempor, turpis nec euismod scelerisque, quam turpis adipiscing lorem, vitae mattis nibh ligula nec sem.

Duis aliquam convallis nunc. Proin at turpis a pede posuere nonummy. Integer non velit.', 5779);
insert into Films (id, title, category, description, duration) values (15, 'Girl on a Motorcycle, The', 'Drama|Romance', 'Curabitur gravida nisi at nibh. In hac habitasse platea dictumst. Aliquam augue quam, sollicitudin vitae, consectetuer eget, rutrum at, lorem.', 5248);
insert into Films (id, title, category, description, duration) values (16, 'The Gambler', 'Crime|Drama|Thriller', 'Suspendisse potenti. In eleifend quam a odio. In hac habitasse platea dictumst.', 7058);
insert into Films (id, title, category, description, duration) values (17, 'Hand, The', 'Drama|Horror', 'In sagittis dui vel nisl. Duis ac nibh. Fusce lacus purus, aliquet at, feugiat non, pretium quis, lectus.', 7334);
insert into Films (id, title, category, description, duration) values (18, 'Dr. Jekyll and Mr. Hyde', 'Drama|Horror', 'Phasellus sit amet erat. Nulla tempus. Vivamus in felis eu sapien cursus vestibulum.

Proin eu mi. Nulla ac enim. In tempor, turpis nec euismod scelerisque, quam turpis adipiscing lorem, vitae mattis nibh ligula nec sem.', 8334);
insert into Films (id, title, category, description, duration) values (19, 'Life Apart: Hasidism in America, A', 'Documentary', null, 5820);
insert into Films (id, title, category, description, duration) values (20, 'Bourne Legacy, The', 'Action|Adventure|Drama|Thriller|IMAX', 'Integer tincidunt ante vel ipsum. Praesent blandit lacinia erat. Vestibulum sed magna at nunc commodo placerat.', 6792);
insert into Films (id, title, category, description, duration) values (21, 'The Last Time I Saw Macao', 'Documentary|Thriller', 'In sagittis dui vel nisl. Duis ac nibh. Fusce lacus purus, aliquet at, feugiat non, pretium quis, lectus.', 6162);
insert into Films (id, title, category, description, duration) values (22, 'Shark Alarm at Müggelsee (Hai Alarm am Müggelsee)', 'Comedy', 'Lorem ipsum dolor sit amet, consectetuer adipiscing elit. Proin risus. Praesent lectus.

Vestibulum quam sapien, varius ut, blandit non, interdum in, ante. Vestibulum ante ipsum primis in faucibus orci luctus et ultrices posuere cubilia Curae; Duis faucibus accumsan odio. Curabitur convallis.', 7506);
insert into Films (id, title, category, description, duration) values (23, 'Human Comedy, The', 'Drama', 'Vestibulum quam sapien, varius ut, blandit non, interdum in, ante. Vestibulum ante ipsum primis in faucibus orci luctus et ultrices posuere cubilia Curae; Duis faucibus accumsan odio. Curabitur convallis.

Duis consequat dui nec nisi volutpat eleifend. Donec ut dolor. Morbi vel lectus in quam fringilla rhoncus.', 6166);
insert into Films (id, title, category, description, duration) values (24, 'Carnosaur 2', 'Horror|Sci-Fi', 'In sagittis dui vel nisl. Duis ac nibh. Fusce lacus purus, aliquet at, feugiat non, pretium quis, lectus.

Suspendisse potenti. In eleifend quam a odio. In hac habitasse platea dictumst.', 5691);
insert into Films (id, title, category, description, duration) values (25, 'Ugly Duckling and Me!, The', 'Animation|Comedy', 'Praesent id massa id nisl venenatis lacinia. Aenean sit amet justo. Morbi ut odio.', 6039);
insert into Films (id, title, category, description, duration) values (26, 'Music Never Stopped, The', 'Drama', null, 4832);
insert into Films (id, title, category, description, duration) values (27, 'Ugetsu (Ugetsu monogatari)', 'Drama|Thriller', 'Maecenas ut massa quis augue luctus tincidunt. Nulla mollis molestie lorem. Quisque ut erat.

Curabitur gravida nisi at nibh. In hac habitasse platea dictumst. Aliquam augue quam, sollicitudin vitae, consectetuer eget, rutrum at, lorem.', 5405);
insert into Films (id, title, category, description, duration) values (28, 'Face', 'Comedy', 'Curabitur gravida nisi at nibh. In hac habitasse platea dictumst. Aliquam augue quam, sollicitudin vitae, consectetuer eget, rutrum at, lorem.

Integer tincidunt ante vel ipsum. Praesent blandit lacinia erat. Vestibulum sed magna at nunc commodo placerat.', 5187);
insert into Films (id, title, category, description, duration) values (29, 'Answers to Nothing', 'Drama|Mystery', 'Nulla ut erat id mauris vulputate elementum. Nullam varius. Nulla facilisi.', 6436);
insert into Films (id, title, category, description, duration) values (30, 'Ballad of Narayama, The (Narayama Bushiko)', 'Drama', 'Morbi non lectus. Aliquam sit amet diam in magna bibendum imperdiet. Nullam orci pede, venenatis non, sodales sed, tincidunt eu, felis.

Fusce posuere felis sed lacus. Morbi sem mauris, laoreet ut, rhoncus aliquet, pulvinar sed, nisl. Nunc rhoncus dui vel sem.', 8429);

-- Provoles
insert into Provoles (id, film, cinema, start_date, nr_of_reservations) values (1, 14, 4, '2023-07-03 17:33:24', 51);
insert into Provoles (id, film, cinema, start_date, nr_of_reservations) values (2, 24, 4, '2023-07-25 10:47:02', 6);
insert into Provoles (id, film, cinema, start_date, nr_of_reservations) values (3, 19, 3, '2023-07-01 17:34:11', 55);
insert into Provoles (id, film, cinema, start_date, nr_of_reservations) values (4, 24, 5, '2023-06-30 14:31:18', 7);
insert into Provoles (id, film, cinema, start_date, nr_of_reservations) values (5, 25, 8, '2023-07-02 00:52:08', 10);
insert into Provoles (id, film, cinema, start_date, nr_of_reservations) values (6, 30, 8, '2023-07-19 07:12:22', 62);
insert into Provoles (id, film, cinema, start_date, nr_of_reservations) values (7, 23, 6, '2023-05-31 21:42:24', 21);
insert into Provoles (id, film, cinema, start_date, nr_of_reservations) values (8, 19, 8, '2023-06-28 21:08:59', 10);
insert into Provoles (id, film, cinema, start_date, nr_of_reservations) values (9, 24, 3, '2023-05-30 01:20:38', 47);
insert into Provoles (id, film, cinema, start_date, nr_of_reservations) values (10, 3, 6, '2023-06-23 17:17:35', 62);
insert into Provoles (id, film, cinema, start_date, nr_of_reservations) values (11, 29, 10, '2023-06-08 01:50:46', 46);
insert into Provoles (id, film, cinema, start_date, nr_of_reservations) values (12, 6, 2, '2023-06-27 10:33:32', 70);
insert into Provoles (id, film, cinema, start_date, nr_of_reservations) values (13, 19, 1, '2023-05-29 19:03:03', 12);
insert into Provoles (id, film, cinema, start_date, nr_of_reservations) values (14, 11, 10, '2023-07-10 02:48:19', 23);
insert into Provoles (id, film, cinema, start_date, nr_of_reservations) values (15, 26, 9, '2023-07-03 09:35:33', 60);
insert into Provoles (id, film, cinema, start_date, nr_of_reservations) values (16, 27, 1, '2023-07-31 12:20:30', 56);
insert into Provoles (id, film, cinema, start_date, nr_of_reservations) values (17, 15, 4, '2023-05-25 09:58:00', 24);
insert into Provoles (id, film, cinema, start_date, nr_of_reservations) values (18, 15, 8, '2023-06-01 19:37:25', 50);
insert into Provoles (id, film, cinema, start_date, nr_of_reservations) values (19, 2, 1, '2023-07-17 19:11:04', 8);
insert into Provoles (id, film, cinema, start_date, nr_of_reservations) values (20, 15, 4, '2023-06-15 18:28:44', 33);
insert into Provoles (id, film, cinema, start_date, nr_of_reservations) values (21, 28, 3, '2023-06-16 19:12:32', 68);
insert into Provoles (id, film, cinema, start_date, nr_of_reservations) values (22, 13, 6, '2023-06-04 13:47:45', 25);
insert into Provoles (id, film, cinema, start_date, nr_of_reservations) values (23, 28, 3, '2023-07-14 12:07:06', 43);
insert into Provoles (id, film, cinema, start_date, nr_of_reservations) values (24, 2, 2, '2023-07-13 00:14:59', 26);
insert into Provoles (id, film, cinema, start_date, nr_of_reservations) values (25, 19, 9, '2023-07-05 19:33:27', 30);
insert into Provoles (id, film, cinema, start_date, nr_of_reservations) values (26, 8, 9, '2023-06-09 10:18:17', 57);
insert into Provoles (id, film, cinema, start_date, nr_of_reservations) values (27, 22, 4, '2023-06-09 20:47:32', 55);
insert into Provoles (id, film, cinema, start_date, nr_of_reservations) values (28, 16, 8, '2023-07-18 22:27:08', 65);
insert into Provoles (id, film, cinema, start_date, nr_of_reservations) values (29, 17, 2, '2023-06-06 16:13:44', 16);
insert into Provoles (id, film, cinema, start_date, nr_of_reservations) values (30, 25, 1, '2023-07-28 03:51:19', 40);
insert into Provoles (id, film, cinema, start_date, nr_of_reservations) values (31, 17, 10, '2023-07-27 06:14:57', 4);
insert into Provoles (id, film, cinema, start_date, nr_of_reservations) values (32, 17, 1, '2023-06-04 04:26:13', 47);
insert into Provoles (id, film, cinema, start_date, nr_of_reservations) values (33, 5, 1, '2023-07-19 02:55:58', 65);
insert into Provoles (id, film, cinema, start_date, nr_of_reservations) values (34, 14, 1, '2023-06-10 01:31:57', 66);
insert into Provoles (id, film, cinema, start_date, nr_of_reservations) values (35, 19, 10, '2023-06-07 14:07:54', 34);
insert into Provoles (id, film, cinema, start_date, nr_of_reservations) values (36, 1, 6, '2023-07-19 06:50:00', 19);
insert into Provoles (id, film, cinema, start_date, nr_of_reservations) values (37, 20, 8, '2023-07-30 08:49:55', 62);
insert into Provoles (id, film, cinema, start_date, nr_of_reservations) values (38, 29, 3, '2023-07-06 20:41:01', 28);
insert into Provoles (id, film, cinema, start_date, nr_of_reservations) values (39, 11, 4, '2023-07-27 03:49:44', 70);
insert into Provoles (id, film, cinema, start_date, nr_of_reservations) values (40, 26, 5, '2023-06-03 22:36:50', 16);

-- Users
insert into Users (id, name, username, password) values (1, 'Aldo Riby', 'ariby0', 'AyX2tS');
insert into Users (id, name, username, password) values (2, 'Xylina Overall', 'xoverall1', '8Zg6vM');
insert into Users (id, name, username, password) values (3, 'Gary Choldcroft', 'gcholdcroft2', 'evaIvftQFD');
insert into Users (id, name, username, password) values (4, 'Rakel O''Reagan', 'roreagan3', 'evtc70hen');
insert into Users (id, name, username, password) values (5, 'Kandy Purselowe', 'kpurselowe4', '0lUkL3BRHH');
insert into Users (id, name, username, password) values (6, 'Lionello Willingham', 'lwillingham5', 'R4cLf8');
insert into Users (id, name, username, password) values (7, 'Melany Hilary', 'mhilary6', 'aCVlLtmVLVq');
insert into Users (id, name, username, password) values (8, 'Vivien Makepeace', 'vmakepeace7', 'wHj0sY8WJG');
insert into Users (id, name, username, password) values (9, 'Kristian Forlong', 'kforlong8', 'gCS9pPnnLYH');
insert into Users (id, name, username, password) values (10, 'Ardys Waddilove', 'awaddilove9', 'qQXFZ8');
insert into Users (id, name, username, password) values (11, 'Windham Tonkinson', 'wtonkinsona', 'ivrVGw1cBNU');
insert into Users (id, name, username, password) values (12, 'Bord Baddeley', 'bbaddeleyb', '6OSCNzsg');
insert into Users (id, name, username, password) values (13, 'Lothaire Sweeting', 'lsweetingc', '52viX4n5b');
insert into Users (id, name, username, password) values (14, 'Che Curtayne', 'ccurtayned', 'eIDkMeMO');
insert into Users (id, name, username, password) values (15, 'Bell Bottinelli', 'bbottinellie', 'Mv3orm0TRl0');
insert into Users (id, name, username, password) values (16, 'Dayna Raffan', 'draffanf', 'vOBosFJc9o');
insert into Users (id, name, username, password) values (17, 'Blakelee Pobjay', 'bpobjayg', 'rvxgdP');
insert into Users (id, name, username, password) values (18, 'Ky Grinin', 'kgrininh', 'b0YpCTs3');
insert into Users (id, name, username, password) values (19, 'Aigneis Richten', 'arichteni', '9UXENJsKK');
insert into Users (id, name, username, password) values (20, 'Desi Whittlesee', 'dwhittleseej', '60HdZUYzHuC4');
insert into Users (id, name, username, password) values (21, 'Alane Yule', 'ayulek', '6LY9FsKl');
insert into Users (id, name, username, password) values (22, 'Reggis Weyman', 'rweymanl', 'SB6Fb9FVWCx');
insert into Users (id, name, username, password) values (23, 'Gillian Haggarty', 'ghaggartym', 'jBYOuU4');
insert into Users (id, name, username, password) values (24, 'Maddie Worral', 'mworraln', 'tAAx6taJp');
insert into Users (id, name, username, password) values (25, 'Claiborn Hartshorn', 'chartshorno', 'sGIbxpkBI');
insert into Users (id, name, username, password) values (26, 'Mariele Chadburn', 'mchadburnp', 'wt3Br7s4wA');
insert into Users (id, name, username, password) values (27, 'Angela Lodwig', 'alodwigq', 'PhHTGo8KUy');
insert into Users (id, name, username, password) values (28, 'Chip Joerning', 'cjoerningr', 'EdBilE2JE6L1');
insert into Users (id, name, username, password) values (29, 'Olympia Ingray', 'oingrays', 'ONXccCzr');
insert into Users (id, name, username, password) values (30, 'Mark Fannon', 'mfannont', 'MsEXt4rSFQ');
insert into Users (id, name, username, password) values (31, 'Ike Sarfass', 'isarfassu', 'sboPYokA');
insert into Users (id, name, username, password) values (32, 'Halley Joubert', 'hjoubertv', 'FVwPwltPniWr');
insert into Users (id, name, username, password) values (33, 'Orion Hamson', 'ohamsonw', 'y3zToWLEgc');
insert into Users (id, name, username, password) values (34, 'Rawley Wyllcocks', 'rwyllcocksx', 'tWxTwZ');
insert into Users (id, name, username, password) values (35, 'Jean Favill', 'jfavilly', 'BGviJmVQTrXK');
insert into Users (id, name, username, password) values (36, 'Kiley Choulerton', 'kchoulertonz', 'Uk11INRaV');
insert into Users (id, name, username, password) values (37, 'Isabelita Vatini', 'ivatini10', 'EOaLFd6u');
insert into Users (id, name, username, password) values (38, 'Ida Sallery', 'isallery11', 'ADNM8DPMt');
insert into Users (id, name, username, password) values (39, 'Kania Batman', 'kbatman12', 'daYTwy9M');
insert into Users (id, name, username, password) values (40, 'Marco Stoll', 'mstoll13', 'shB8xfnFONH');
insert into Users (id, name, username, password) values (41, 'Rodge Gittose', 'rgittose14', 'Hbcf5WPNLY');
insert into Users (id, name, username, password) values (42, 'Eveleen Ciardo', 'eciardo15', 'wvWPzwY');
insert into Users (id, name, username, password) values (43, 'Pepillo Lymbourne', 'plymbourne16', 'v63PZTMcZS9');
insert into Users (id, name, username, password) values (44, 'Zak Matusson', 'zmatusson17', 'DxGDT0O');
insert into Users (id, name, username, password) values (45, 'Orelle Castelyn', 'ocastelyn18', 'CmKBIGLif0');
insert into Users (id, name, username, password) values (46, 'Violetta Vassall', 'vvassall19', 'SD3mSHr8G');
insert into Users (id, name, username, password) values (47, 'Joanna Bedow', 'jbedow1a', 'wCkin3');
insert into Users (id, name, username, password) values (48, 'Corbin Bartels', 'cbartels1b', 'EljtvDk7DSt');
insert into Users (id, name, username, password) values (49, 'Slade Denne', 'sdenne1c', 'N6bX9i6zLoLr');
insert into Users (id, name, username, password) values (50, 'Flossy Brimmacombe', 'fbrimmacombe1d', 'EEAecmmR');
insert into Users (id, name, username, password) values (51, 'Mattie Jerrans', 'mjerrans1e', 'TjV4Wj71HuXC');
insert into Users (id, name, username, password) values (52, 'Rochella Brockherst', 'rbrockherst1f', 'HI0DlthNAcGF');
insert into Users (id, name, username, password) values (53, 'Baird Stearns', 'bstearns1g', 'ECsTqqrJ35');
insert into Users (id, name, username, password) values (54, 'Aile Brushneen', 'abrushneen1h', 'dutgWe');
insert into Users (id, name, username, password) values (55, 'Ugo Raysdale', 'uraysdale1i', 'LQIURyjKJ');
insert into Users (id, name, username, password) values (56, 'Seka Colleran', 'scolleran1j', 'Hh48h8vfzL');
insert into Users (id, name, username, password) values (57, 'Layney Giamo', 'lgiamo1k', 'ijns9O9ND4I4');
insert into Users (id, name, username, password) values (58, 'Rikki Gaddie', 'rgaddie1l', 'E9iZadsQo4X');
insert into Users (id, name, username, password) values (59, 'Claudian Zorener', 'czorener1m', 'qH23A7n0isa');
insert into Users (id, name, username, password) values (60, 'Verney Ferrulli', 'vferrulli1n', '8wrF7Jbx3');
insert into Users (id, name, username, password) values (61, 'Redd Mash', 'rmash1o', 'NyCYRY');
insert into Users (id, name, username, password) values (62, 'Colette Greensite', 'cgreensite1p', 'zIjQ0RvsW9');
insert into Users (id, name, username, password) values (63, 'Marieann Beaument', 'mbeaument1q', 'IkEfvhvUI0');
insert into Users (id, name, username, password) values (64, 'Cathie Palk', 'cpalk1r', '18vFVpBvc4C');
insert into Users (id, name, username, password) values (65, 'Patrizio Parzis', 'pparzis1s', 'oVYNTxTU');
insert into Users (id, name, username, password) values (66, 'Clarance Hulks', 'chulks1t', 'hxrHNeS0');
insert into Users (id, name, username, password) values (67, 'Ring MacLaverty', 'rmaclaverty1u', 'PA9KMe9');
insert into Users (id, name, username, password) values (68, 'Babara Hauch', 'bhauch1v', 'mzQkYPsLCW');
insert into Users (id, name, username, password) values (69, 'Leonore McLaughlan', 'lmclaughlan1w', 'HCwxUGNyf');
insert into Users (id, name, username, password) values (70, 'Donielle Antoinet', 'dantoinet1x', 'zRmgpO6E5g');
insert into Users (id, name, username, password) values (71, 'Halli Kipling', 'hkipling1y', 'YamkFdA');
insert into Users (id, name, username, password) values (72, 'Artemas Filov', 'afilov1z', 'guVsWV1UgJq');
insert into Users (id, name, username, password) values (73, 'Brittany Roby', 'broby20', 'Ec4EmbOti');
insert into Users (id, name, username, password) values (74, 'Vergil Robilliard', 'vrobilliard21', 'b1NuMM');
insert into Users (id, name, username, password) values (75, 'Chev Quadrio', 'cquadrio22', 'RB9CqT');
insert into Users (id, name, username, password) values (76, 'Daryl Lorne', 'dlorne23', 'LpyXOM6');
insert into Users (id, name, username, password) values (77, 'Adriena Dark', 'adark24', 'K6TJ3BUGK');
insert into Users (id, name, username, password) values (78, 'Dulsea Greenard', 'dgreenard25', 'w8V68fAE');
insert into Users (id, name, username, password) values (79, 'Denny Roubert', 'droubert26', 'z7Nn5Ix');
insert into Users (id, name, username, password) values (80, 'Pippo Hurdis', 'phurdis27', 'CHERKQheK');
insert into Users (id, name, username, password) values (81, 'Maxie Coules', 'mcoules28', 'k7rWcPjhiCO');
insert into Users (id, name, username, password) values (82, 'Merrilee Abley', 'mabley29', 'Zw2bVxpFEp');
insert into Users (id, name, username, password) values (83, 'Miriam Sallnow', 'msallnow2a', 'fOlnbcSQ94rI');
insert into Users (id, name, username, password) values (84, 'Julio Romayn', 'jromayn2b', 'ULQw6KhXv2x');
insert into Users (id, name, username, password) values (85, 'Odie Van den Dael', 'ovan2c', 'xK6ZiTq');
insert into Users (id, name, username, password) values (86, 'Adrienne Bowdon', 'abowdon2d', 'gtDpDJjmq');
insert into Users (id, name, username, password) values (87, 'Norine Benettelli', 'nbenettelli2e', '9cel9lvcNfc8');
insert into Users (id, name, username, password) values (88, 'Silva Donovan', 'sdonovan2f', 'lqiWcKcsaIA');
insert into Users (id, name, username, password) values (89, 'Ashely McKeaveney', 'amckeaveney2g', 'CQ2nYutu1B');
insert into Users (id, name, username, password) values (90, 'Ward Cumbridge', 'wcumbridge2h', 'SpVOhTg0x');
insert into Users (id, name, username, password) values (91, 'Desmund Scourgie', 'dscourgie2i', 'w7CaQZu5tMw');
insert into Users (id, name, username, password) values (92, 'Irma Brabban', 'ibrabban2j', 'iy6bZed');
insert into Users (id, name, username, password) values (93, 'Valera Yelding', 'vyelding2k', 'OMC8piKjCm');
insert into Users (id, name, username, password) values (94, 'Kristan Franciottoi', 'kfranciottoi2l', 'PmDRM6h');
insert into Users (id, name, username, password) values (95, 'Karlan McAlinden', 'kmcalinden2m', 'ljM0IuU');
insert into Users (id, name, username, password) values (96, 'Brigham Gerretsen', 'bgerretsen2n', '7YH3QKcPJ');
insert into Users (id, name, username, password) values (97, 'Fianna Sutton', 'fsutton2o', 'NGeWzqznkh4e');
insert into Users (id, name, username, password) values (98, 'Gian Mennell', 'gmennell2p', 'cfMTzDY2');
insert into Users (id, name, username, password) values (99, 'Darrelle Frear', 'dfrear2q', 'egtil8eScnFF');
insert into Users (id, name, username, password) values (100, 'Amata Ponter', 'aponter2r', 'bK0uXbVS7M');
insert into Users (id, name, username, password) values (101, 'Birgit Blanche', 'bblanche2s', 'GC63s19X');
insert into Users (id, name, username, password) values (102, 'Lorilyn Blumfield', 'lblumfield2t', '4WWj6nv');
insert into Users (id, name, username, password) values (103, 'Audre Hatfull', 'ahatfull2u', 'fQi7mMl');
insert into Users (id, name, username, password) values (104, 'Marijn Verrick', 'mverrick2v', 'ejVFX8l');
insert into Users (id, name, username, password) values (105, 'Reiko Jeandot', 'rjeandot2w', 'RLpeEY3C0');
insert into Users (id, name, username, password) values (106, 'Merry Gilley', 'mgilley2x', 'Xh04VaSy');
insert into Users (id, name, username, password) values (107, 'Hugibert Willingham', 'hwillingham2y', '1a9dVEo');
insert into Users (id, name, username, password) values (108, 'Lynne Pettiford', 'lpettiford2z', 'GumixG5WD');
insert into Users (id, name, username, password) values (109, 'Gilligan Riepl', 'griepl30', 'fQKr1AP');
insert into Users (id, name, username, password) values (110, 'Jacquetta Swannack', 'jswannack31', 'eaCHhuscNr5');
insert into Users (id, name, username, password) values (111, 'Mylo Le Claire', 'mle32', '3R6ATfXot');
insert into Users (id, name, username, password) values (112, 'Faulkner Goodbarr', 'fgoodbarr33', 'FZpkuektU');
insert into Users (id, name, username, password) values (113, 'Lianne Petriello', 'lpetriello34', 'PZJX3R');
insert into Users (id, name, username, password) values (114, 'Anatol Paskerful', 'apaskerful35', 'aokYtE');
insert into Users (id, name, username, password) values (115, 'Wayland Connochie', 'wconnochie36', 'sOM72k');
insert into Users (id, name, username, password) values (116, 'Davey Skuce', 'dskuce37', 'J5FeDvz');
insert into Users (id, name, username, password) values (117, 'Preston Bere', 'pbere38', 'E2D6YQJmOdTv');
insert into Users (id, name, username, password) values (118, 'Andrea McAughtry', 'amcaughtry39', 'aN7poQP4waB');
insert into Users (id, name, username, password) values (119, 'Georgeanna Purcer', 'gpurcer3a', 'kY6PSe');
insert into Users (id, name, username, password) values (120, 'Brad Hellyer', 'bhellyer3b', 'sLBhlou');
insert into Users (id, name, username, password) values (121, 'Lola Zima', 'lzima3c', 'ictD3X0Fl');
insert into Users (id, name, username, password) values (122, 'Harmon Sweetmore', 'hsweetmore3d', 'oxovvGoSlv');
insert into Users (id, name, username, password) values (123, 'Alyda Davie', 'adavie3e', 'XJI8nc');
insert into Users (id, name, username, password) values (124, 'Aloysia Soane', 'asoane3f', 'RkcbRh5EN');
insert into Users (id, name, username, password) values (125, 'Fanechka Mossdale', 'fmossdale3g', 'AAG6ieTmFx');
insert into Users (id, name, username, password) values (126, 'Jessy Rielly', 'jrielly3h', 'SkwYXa6aX3YR');
insert into Users (id, name, username, password) values (127, 'Lou Rawlison', 'lrawlison3i', 'Al6SWVUkmF');
insert into Users (id, name, username, password) values (128, 'Elwood Kleinerman', 'ekleinerman3j', 'rdZ3DWhs4m');
insert into Users (id, name, username, password) values (129, 'Nannie Hizir', 'nhizir3k', '9zDH7f8z');
insert into Users (id, name, username, password) values (130, 'Marten Burleigh', 'mburleigh3l', 'BZFf4e7yHYoo');
insert into Users (id, name, username, password) values (131, 'Celine Warke', 'cwarke3m', 'QzwhQtmyT1rA');
insert into Users (id, name, username, password) values (132, 'Ceil Fronks', 'cfronks3n', 's2ooM8Fw');
insert into Users (id, name, username, password) values (133, 'Timotheus Tidcomb', 'ttidcomb3o', 'UWvVq6tV');
insert into Users (id, name, username, password) values (134, 'Aliza Swire', 'aswire3p', 'E3Ml7AOQnwZm');
insert into Users (id, name, username, password) values (135, 'Meara Deetlof', 'mdeetlof3q', 'MjwSfQa');
insert into Users (id, name, username, password) values (136, 'Dyna Castellaccio', 'dcastellaccio3r', 'OrGZ2nx');
insert into Users (id, name, username, password) values (137, 'Yank Clemon', 'yclemon3s', 'VY95HJcOz');
insert into Users (id, name, username, password) values (138, 'Nathan Engel', 'nengel3t', 'zFrJXzSNK');
insert into Users (id, name, username, password) values (139, 'Karlens Hammill', 'khammill3u', 'VZxFyv1CQkkE');
insert into Users (id, name, username, password) values (140, 'Lockwood Diggins', 'ldiggins3v', 'nlwbh7gXJ');
insert into Users (id, name, username, password) values (141, 'Marianne Fetherstonhaugh', 'mfetherstonhaugh3w', 'UObD7somz');
insert into Users (id, name, username, password) values (142, 'Cindi MacLardie', 'cmaclardie3x', 'QCQlVR7');
insert into Users (id, name, username, password) values (143, 'Kacy Croster', 'kcroster3y', '6sC1jfga');
insert into Users (id, name, username, password) values (144, 'Dori Kinmond', 'dkinmond3z', 'JVO03iZ');
insert into Users (id, name, username, password) values (145, 'Rollin Linguard', 'rlinguard40', 'O603J5YTn1');
insert into Users (id, name, username, password) values (146, 'Bobbie Baum', 'bbaum41', 'kGAZ8bzQKc');
insert into Users (id, name, username, password) values (147, 'Cletis Miner', 'cminer42', 'DatpU35E');
insert into Users (id, name, username, password) values (148, 'Reynolds Thunder', 'rthunder43', 'MkPVu4lr');
insert into Users (id, name, username, password) values (149, 'Simona Haggus', 'shaggus44', '9r0Cl4RX5Ofl');
insert into Users (id, name, username, password) values (150, 'Cal Ertelt', 'certelt45', 'nozFEXLRewb');
insert into Users (id, name, username, password) values (151, 'Carlynne O''Loghlen', 'cologhlen46', 'lFSrVHTzH');
insert into Users (id, name, username, password) values (152, 'Drucy Hegg', 'dhegg47', 'HiMNzqAka7ht');
insert into Users (id, name, username, password) values (153, 'Desiree Amott', 'damott48', 'HqdvUJ');
insert into Users (id, name, username, password) values (154, 'Arne Zuann', 'azuann49', 'ZLEAioy');
insert into Users (id, name, username, password) values (155, 'Ninette Pembridge', 'npembridge4a', '7KGRYGgE');
insert into Users (id, name, username, password) values (156, 'Jdavie Tynewell', 'jtynewell4b', 'EKFk91nWWaF');
insert into Users (id, name, username, password) values (157, 'Jimmie Torres', 'jtorres4c', 'GK3WoWQIx5');
insert into Users (id, name, username, password) values (158, 'Stillmann Sallenger', 'ssallenger4d', 'VrNTeb26');
insert into Users (id, name, username, password) values (159, 'Sigismundo Shapiro', 'sshapiro4e', '6E6bevB');
insert into Users (id, name, username, password) values (160, 'Abigael Inett', 'ainett4f', 'iW6dxibKwHG');
insert into Users (id, name, username, password) values (161, 'Chauncey Erb', 'cerb4g', 'hdPz1W5rita');
insert into Users (id, name, username, password) values (162, 'Erl Dawbery', 'edawbery4h', 'I0XYM8');
insert into Users (id, name, username, password) values (163, 'Shelby Dugmore', 'sdugmore4i', 'Fl829aM');
insert into Users (id, name, username, password) values (164, 'Cherri Skeen', 'cskeen4j', '5vO205Lf4');
insert into Users (id, name, username, password) values (165, 'Lucas Dureden', 'ldureden4k', 'lE17lYg');
insert into Users (id, name, username, password) values (166, 'Robinett Myhill', 'rmyhill4l', 'uHWhEqim');
insert into Users (id, name, username, password) values (167, 'Bard Westbury', 'bwestbury4m', 'pDuCV5sS');
insert into Users (id, name, username, password) values (168, 'Zachary Rankling', 'zrankling4n', 'RUUVx0');
insert into Users (id, name, username, password) values (169, 'Ailyn Slorance', 'aslorance4o', 'jEg5b0BhN');
insert into Users (id, name, username, password) values (170, 'Royal Espinos', 'respinos4p', 'gs5Yhsi');
insert into Users (id, name, username, password) values (171, 'Jere Cussins', 'jcussins4q', 'ILUJmOhirq');
insert into Users (id, name, username, password) values (172, 'Devy Baumert', 'dbaumert4r', 'EuYFXANShor');
insert into Users (id, name, username, password) values (173, 'Mommy Slaten', 'mslaten4s', '52halQGuS');
insert into Users (id, name, username, password) values (174, 'Norrie Leinster', 'nleinster4t', 'hfN8aiYbT');
insert into Users (id, name, username, password) values (175, 'Kerstin Dysert', 'kdysert4u', 'dd8KTW');
insert into Users (id, name, username, password) values (176, 'Iorgos Deerness', 'ideerness4v', 'guDoYU');
insert into Users (id, name, username, password) values (177, 'Maryjane Mackiewicz', 'mmackiewicz4w', 'egVBDyQw6D');
insert into Users (id, name, username, password) values (178, 'Burty Glendza', 'bglendza4x', '2mIPQX8TbH');
insert into Users (id, name, username, password) values (179, 'Stephie Frascone', 'sfrascone4y', '3AFA6s');
insert into Users (id, name, username, password) values (180, 'Sampson Domokos', 'sdomokos4z', 'ug777kfG');
insert into Users (id, name, username, password) values (181, 'Hayes Bish', 'hbish50', 'VEjClCf119');
insert into Users (id, name, username, password) values (182, 'Charmaine Wingham', 'cwingham51', 'Ty3XvP17d8');
insert into Users (id, name, username, password) values (183, 'Sherri Tallet', 'stallet52', 'lIK3FN');
insert into Users (id, name, username, password) values (184, 'Chuck Algore', 'calgore53', 'aPHfhW6gOmie');
insert into Users (id, name, username, password) values (185, 'Anne Ingry', 'aingry54', 'Lk8DQzn0vR');
insert into Users (id, name, username, password) values (186, 'Elenore Gouthier', 'egouthier55', 'VEebZmx5B');
insert into Users (id, name, username, password) values (187, 'Winifred Patullo', 'wpatullo56', 'LzFvDA5');
insert into Users (id, name, username, password) values (188, 'Donnajean Ackhurst', 'dackhurst57', 'Kpc6v2l');
insert into Users (id, name, username, password) values (189, 'Nathalie Douris', 'ndouris58', '46jgsTzR7w');
insert into Users (id, name, username, password) values (190, 'Amble Ryott', 'aryott59', 'lgd898');
insert into Users (id, name, username, password) values (191, 'Bobbe Ibbison', 'bibbison5a', '9gGryP1IV1Wb');
insert into Users (id, name, username, password) values (192, 'Hazel Van der Kruys', 'hvan5b', 'b1waHltQw');
insert into Users (id, name, username, password) values (193, 'Josy Morgan', 'jmorgan5c', 'MhmR0Slj1I');
insert into Users (id, name, username, password) values (194, 'Olimpia Zotto', 'ozotto5d', 'jNiJL8Y');
insert into Users (id, name, username, password) values (195, 'Hulda Gagie', 'hgagie5e', 'HU2xhTuSPX');
insert into Users (id, name, username, password) values (196, 'Maud Milley', 'mmilley5f', 'QL2YYJlb8Fw');
insert into Users (id, name, username, password) values (197, 'Andrei Colam', 'acolam5g', 'EHjxWRICy');
insert into Users (id, name, username, password) values (198, 'Giacomo Marland', 'gmarland5h', 'FhWUxDmGtA85');
insert into Users (id, name, username, password) values (199, 'Sibilla Sheekey', 'ssheekey5i', 'bY0X0gjJU');
insert into Users (id, name, username, password) values (200, 'Melli Wiggington', 'mwiggington5j', 'jtQLiwaD');
insert into Users (id, name, username, password) values (201, 'Linnea Nanninini', 'lnanninini5k', 'HcTpGM6I');
insert into Users (id, name, username, password) values (202, 'Wendell Look', 'wlook5l', 'OsTwvMN04Uo');
insert into Users (id, name, username, password) values (203, 'Barry Ramm', 'bramm5m', '6y7I99Vj');
insert into Users (id, name, username, password) values (204, 'Amos Ducker', 'aducker5n', '236uWntqMU');
insert into Users (id, name, username, password) values (205, 'Joachim Palfreman', 'jpalfreman5o', '2PlmcNXZAJ');
insert into Users (id, name, username, password) values (206, 'Cristina Pennone', 'cpennone5p', 'ORjk5z');
insert into Users (id, name, username, password) values (207, 'Franny Myrick', 'fmyrick5q', 'dQOgka3L7lkU');
insert into Users (id, name, username, password) values (208, 'Phil Goad', 'pgoad5r', 'F6SPbQeCDXq');
insert into Users (id, name, username, password) values (209, 'Danya Schulke', 'dschulke5s', 'qhiIyBTkqs');
insert into Users (id, name, username, password) values (210, 'Clarabelle Holhouse', 'cholhouse5t', '3IT6Vwd');
insert into Users (id, name, username, password) values (211, 'Fabiano Botton', 'fbotton5u', 'fRNvhx9');
insert into Users (id, name, username, password) values (212, 'Jard Christaeas', 'jchristaeas5v', '9YVNA5Qf');
insert into Users (id, name, username, password) values (213, 'Gris Warrillow', 'gwarrillow5w', 'DlCkT2jqzZd');
insert into Users (id, name, username, password) values (214, 'Ellie Sudlow', 'esudlow5x', 'an08ca7kqKp');
insert into Users (id, name, username, password) values (215, 'Danit Oganesian', 'doganesian5y', 'fUyma9z');
insert into Users (id, name, username, password) values (216, 'Ramonda Minton', 'rminton5z', 'jZO8C6z8H');
insert into Users (id, name, username, password) values (217, 'Emelen Mimmack', 'emimmack60', 'UPdWmnfcvI');
insert into Users (id, name, username, password) values (218, 'Cordula Challoner', 'cchalloner61', 'uZZ7wBFYWC7');
insert into Users (id, name, username, password) values (219, 'Lainey Luckwell', 'lluckwell62', 'GckC57WBZV');
insert into Users (id, name, username, password) values (220, 'Hagan MacKey', 'hmackey63', 'A0q3ZsKjJeOD');
insert into Users (id, name, username, password) values (221, 'Pincus Minogue', 'pminogue64', 'CU30D3aPvj');
insert into Users (id, name, username, password) values (222, 'Dorolisa Skitteral', 'dskitteral65', 'CMWjCwPFycjh');
insert into Users (id, name, username, password) values (223, 'Joan Luna', 'jluna66', 'CC6RPDSTtK');
insert into Users (id, name, username, password) values (224, 'Rachael Carnegy', 'rcarnegy67', 'O87uyXCn');
insert into Users (id, name, username, password) values (225, 'Isidoro Laste', 'ilaste68', 'jTytrDnYR');
insert into Users (id, name, username, password) values (226, 'Valina Belderfield', 'vbelderfield69', '9GLMYiveVd0E');
insert into Users (id, name, username, password) values (227, 'Lucien Mollin', 'lmollin6a', 'sArk90');
insert into Users (id, name, username, password) values (228, 'Wynne Gadault', 'wgadault6b', '6JrSsroV3V');
insert into Users (id, name, username, password) values (229, 'Gregorius Scollan', 'gscollan6c', 'TCVuZa1ITDi');
insert into Users (id, name, username, password) values (230, 'Jenelle Fleote', 'jfleote6d', 'dk4OaUJW');
insert into Users (id, name, username, password) values (231, 'Crawford Starmore', 'cstarmore6e', '5lsXnD');
insert into Users (id, name, username, password) values (232, 'Zechariah Cockton', 'zcockton6f', 'NUkdNI1Zagw');
insert into Users (id, name, username, password) values (233, 'Hildegaard Castlake', 'hcastlake6g', 'PTBONxvhBG');
insert into Users (id, name, username, password) values (234, 'Ardelle Leynagh', 'aleynagh6h', '31uD91Jeuhc');
insert into Users (id, name, username, password) values (235, 'Sherm Whittek', 'swhittek6i', 'PdOkMvdR');
insert into Users (id, name, username, password) values (236, 'Barron Giovanardi', 'bgiovanardi6j', 'Vky9c5U6H2');
insert into Users (id, name, username, password) values (237, 'Raquel Loft', 'rloft6k', 'iR2mTD');
insert into Users (id, name, username, password) values (238, 'Wolfie Gwinnell', 'wgwinnell6l', 'FylvX0');
insert into Users (id, name, username, password) values (239, 'Derry Ingilson', 'dingilson6m', 'JHxodk');
insert into Users (id, name, username, password) values (240, 'Eleanor Sapsed', 'esapsed6n', 'kJfTEi');
insert into Users (id, name, username, password) values (241, 'Tiebold McKintosh', 'tmckintosh6o', 'Tsi7lUBf');
insert into Users (id, name, username, password) values (242, 'Adelbert Alleburton', 'aalleburton6p', '7ERKglmhY9M');
insert into Users (id, name, username, password) values (243, 'Leelah Cregan', 'lcregan6q', 'uHV4wlz4zzH');
insert into Users (id, name, username, password) values (244, 'Ansel Holywell', 'aholywell6r', '8zAITD3');
insert into Users (id, name, username, password) values (245, 'Marijo Grattan', 'mgrattan6s', 'Puu9Uy');
insert into Users (id, name, username, password) values (246, 'Phillip Madgwich', 'pmadgwich6t', 'tjPCTijk');
insert into Users (id, name, username, password) values (247, 'Haslett Fernihough', 'hfernihough6u', 'Ycdg2oVV');
insert into Users (id, name, username, password) values (248, 'Sergio Whitehorne', 'swhitehorne6v', 'NExgGxRTk9');
insert into Users (id, name, username, password) values (249, 'Chloris Mussalli', 'cmussalli6w', 'YdBKZ7vb');
insert into Users (id, name, username, password) values (250, 'Johnette Grouer', 'jgrouer6x', 'A7NyCVn');
insert into Users (id, name, username, password) values (251, 'Walsh Barrat', 'wbarrat6y', '1ZJWUrP4r0F2');
insert into Users (id, name, username, password) values (252, 'Tyrone Rowena', 'trowena6z', 'LIpfuW');
insert into Users (id, name, username, password) values (253, 'June Panas', 'jpanas70', 'Tyx1viDDdCl2');
insert into Users (id, name, username, password) values (254, 'Gabriell Kinavan', 'gkinavan71', 'bvaDc4X9Q');
insert into Users (id, name, username, password) values (255, 'Ike Cutriss', 'icutriss72', 'ZCzdTBd8JS');
insert into Users (id, name, username, password) values (256, 'Letta Fuidge', 'lfuidge73', 'IZZV8K');
insert into Users (id, name, username, password) values (257, 'Dulce Miettinen', 'dmiettinen74', 'sFPGkT19');
insert into Users (id, name, username, password) values (258, 'Margit MacGaffey', 'mmacgaffey75', 'qNiTPTMvISa');
insert into Users (id, name, username, password) values (259, 'Patrizio Tricker', 'ptricker76', '7taj2yh');
insert into Users (id, name, username, password) values (260, 'Karrie Gabler', 'kgabler77', 'PpOeMpa8n');
insert into Users (id, name, username, password) values (261, 'Neville Gillbey', 'ngillbey78', 'GYGJiL');
insert into Users (id, name, username, password) values (262, 'Cherrita Monard', 'cmonard79', 'YnpGzqpqJEJ');
insert into Users (id, name, username, password) values (263, 'Wilek Livingstone', 'wlivingstone7a', '2boDq9yO');
insert into Users (id, name, username, password) values (264, 'Perkin Gowler', 'pgowler7b', 'magzEQd');
insert into Users (id, name, username, password) values (265, 'Corney Janicki', 'cjanicki7c', 'BAHP91uSL');
insert into Users (id, name, username, password) values (266, 'Myrvyn Suett', 'msuett7d', 'L0ajQo7H');
insert into Users (id, name, username, password) values (267, 'Dewey Bigby', 'dbigby7e', 'DhcIqqH');
insert into Users (id, name, username, password) values (268, 'Bianka Closs', 'bcloss7f', 'YoXkNx1NaL');
insert into Users (id, name, username, password) values (269, 'Wayne Mewett', 'wmewett7g', 'VwdXX8TFdd');
insert into Users (id, name, username, password) values (270, 'Dickie Peter', 'dpeter7h', 'T62t7sYuO14g');
insert into Users (id, name, username, password) values (271, 'Berkeley Agutter', 'bagutter7i', 'Th5WLVF3DbN');
insert into Users (id, name, username, password) values (272, 'Donetta Weight', 'dweight7j', 'jHcJFiJMpXnb');
insert into Users (id, name, username, password) values (273, 'Gaspar Briddock', 'gbriddock7k', 'mNfrQxD5Vzu');
insert into Users (id, name, username, password) values (274, 'Obadiah Thorald', 'othorald7l', 'fC9cTGrbuU');
insert into Users (id, name, username, password) values (275, 'Karlik Sadd', 'ksadd7m', 'neohsQkqM');
insert into Users (id, name, username, password) values (276, 'Dorisa Posselt', 'dposselt7n', '00bHVIV8GPi');
insert into Users (id, name, username, password) values (277, 'Brande Nadin', 'bnadin7o', 'izbNnaFimS');
insert into Users (id, name, username, password) values (278, 'Janessa Carreyette', 'jcarreyette7p', '1JJmXl4');
insert into Users (id, name, username, password) values (279, 'Eolanda Westphal', 'ewestphal7q', '6BQj0QJ8G');
insert into Users (id, name, username, password) values (280, 'Wilhelm Iacovucci', 'wiacovucci7r', 'mI0jMR');
insert into Users (id, name, username, password) values (281, 'Jodi Ferney', 'jferney7s', '7RDtO3');
insert into Users (id, name, username, password) values (282, 'Neale Caze', 'ncaze7t', 'k7EjjcFdQv');
insert into Users (id, name, username, password) values (283, 'Kris Tagg', 'ktagg7u', 'JTJKe3xf');
insert into Users (id, name, username, password) values (284, 'Lea MacNeil', 'lmacneil7v', '1PrDuTA');
insert into Users (id, name, username, password) values (285, 'Elka Boal', 'eboal7w', '4Goxz4MV');
insert into Users (id, name, username, password) values (286, 'Godfree Westbrook', 'gwestbrook7x', 'lrKLcLo');
insert into Users (id, name, username, password) values (287, 'Ranee Razzell', 'rrazzell7y', 'NaaHnFP4');
insert into Users (id, name, username, password) values (288, 'Hersh Andryushin', 'handryushin7z', 'AXqEqsCD');
insert into Users (id, name, username, password) values (289, 'Renata Burkett', 'rburkett80', 'dxwsQq');
insert into Users (id, name, username, password) values (290, 'Rey De Blasi', 'rde81', 'lS98X89t');
insert into Users (id, name, username, password) values (291, 'Jourdain Essame', 'jessame82', 'C5SiDfBg');
insert into Users (id, name, username, password) values (292, 'Meir Fihelly', 'mfihelly83', 'prNObHCEW5kL');
insert into Users (id, name, username, password) values (293, 'Banky Milella', 'bmilella84', 'vP0ZSN');
insert into Users (id, name, username, password) values (294, 'Tobiah Rusbridge', 'trusbridge85', 'PukICOblMt');
insert into Users (id, name, username, password) values (295, 'Deanne MacGebenay', 'dmacgebenay86', 'kFtFHUzc');
insert into Users (id, name, username, password) values (296, 'Melva Epsley', 'mepsley87', 'xuZKwyNbKOCr');
insert into Users (id, name, username, password) values (297, 'Tine Pimley', 'tpimley88', 'QweX0WOM3M');
insert into Users (id, name, username, password) values (298, 'Hayden Faithfull', 'hfaithfull89', 'km1fdtv');
insert into Users (id, name, username, password) values (299, 'Joseito Tuffield', 'jtuffield8a', 'SrRDmK8N4yC0');
insert into Users (id, name, username, password) values (300, 'Emelda Rivenzon', 'erivenzon8b', 'iiNIa7R');
insert into Users (id, name, username, password) values (301, 'Chadd Austing', 'causting8c', 'YdDJgFFGsxlf');
insert into Users (id, name, username, password) values (302, 'Rachael Laurisch', 'rlaurisch8d', 'Ibrq6F');
insert into Users (id, name, username, password) values (303, 'Ema Boydle', 'eboydle8e', 'C4BEd6');
insert into Users (id, name, username, password) values (304, 'Lucilia Dunkerly', 'ldunkerly8f', 'uO1x0zKFV');
insert into Users (id, name, username, password) values (305, 'Berget Varndell', 'bvarndell8g', 'JjrBHixry');
insert into Users (id, name, username, password) values (306, 'Culver Januszewicz', 'cjanuszewicz8h', 'roIxYruF');
insert into Users (id, name, username, password) values (307, 'Annelise Wolfenden', 'awolfenden8i', 'PvWPDLyh');
insert into Users (id, name, username, password) values (308, 'Farra Wooldridge', 'fwooldridge8j', 'fnjBB8EOX');
insert into Users (id, name, username, password) values (309, 'Rainer Trodler', 'rtrodler8k', 'jBN6nLghyNST');
insert into Users (id, name, username, password) values (310, 'Calhoun Seiler', 'cseiler8l', 'Zzufut6O9gEz');
insert into Users (id, name, username, password) values (311, 'Charmaine Norcliffe', 'cnorcliffe8m', 'QoEiK1qRq');
insert into Users (id, name, username, password) values (312, 'Nickie Allawy', 'nallawy8n', 'KxzZIY');
insert into Users (id, name, username, password) values (313, 'Jacky Symington', 'jsymington8o', 'OgQPraV');
insert into Users (id, name, username, password) values (314, 'Bartholemy Cranstoun', 'bcranstoun8p', 'i9QfjzojP3im');
insert into Users (id, name, username, password) values (315, 'Aidan Marchello', 'amarchello8q', 'I6VroE4');
insert into Users (id, name, username, password) values (316, 'Basile Faltin', 'bfaltin8r', '43egHG');
insert into Users (id, name, username, password) values (317, 'Nike Symcox', 'nsymcox8s', 'sQjjjBcY');
insert into Users (id, name, username, password) values (318, 'Harmon Brangan', 'hbrangan8t', 'Kw7ZPJQpGsA5');
insert into Users (id, name, username, password) values (319, 'Carmella Limmer', 'climmer8u', 'mWU1CRTcqd');
insert into Users (id, name, username, password) values (320, 'Karly Poate', 'kpoate8v', 'uqMoMg');
insert into Users (id, name, username, password) values (321, 'Debora Zanre', 'dzanre8w', 'lY9N50UQ');
insert into Users (id, name, username, password) values (322, 'Tarah Elmore', 'telmore8x', 's0obPtwMnEW');
insert into Users (id, name, username, password) values (323, 'Jermaine Levin', 'jlevin8y', 'bHGesN0PEuq');
insert into Users (id, name, username, password) values (324, 'Florance Crennan', 'fcrennan8z', 'bZG8wZUs7D');
insert into Users (id, name, username, password) values (325, 'Saleem Inott', 'sinott90', '8bmkNuP');
insert into Users (id, name, username, password) values (326, 'Ryan Gonthier', 'rgonthier91', 'KnpbkZZOgEc');
insert into Users (id, name, username, password) values (327, 'Lani Sibbons', 'lsibbons92', '3v1oZF85B5');
insert into Users (id, name, username, password) values (328, 'Carmelia Teasey', 'cteasey93', 'PUk1HcGg');
insert into Users (id, name, username, password) values (329, 'Gerardo Cornilleau', 'gcornilleau94', '9QjqMo');
insert into Users (id, name, username, password) values (330, 'Elfrieda Shillan', 'eshillan95', 'smBlcr6');
insert into Users (id, name, username, password) values (331, 'Holly De Moreno', 'hde96', 'MfVHuUt3kWJ');
insert into Users (id, name, username, password) values (332, 'Edward Kief', 'ekief97', 'NDNNFcI');
insert into Users (id, name, username, password) values (333, 'Clevey Primarolo', 'cprimarolo98', 'dgTx1hvoCSnS');
insert into Users (id, name, username, password) values (334, 'Carley Burris', 'cburris99', 'FKspS7d');
insert into Users (id, name, username, password) values (335, 'Garth MacPherson', 'gmacpherson9a', '6K2pHKBPiY');
insert into Users (id, name, username, password) values (336, 'Rolph Chese', 'rchese9b', '0AeGpLfJ');
insert into Users (id, name, username, password) values (337, 'Eran Espino', 'eespino9c', 'MKbicXqrZEhA');
insert into Users (id, name, username, password) values (338, 'Rosemary Wellbelove', 'rwellbelove9d', '3SJIHK0');
insert into Users (id, name, username, password) values (339, 'Currey Bentsen', 'cbentsen9e', 'mZf72orv');
insert into Users (id, name, username, password) values (340, 'Randene Gymblett', 'rgymblett9f', 'FugXW51e');
insert into Users (id, name, username, password) values (341, 'Clayborn Callender', 'ccallender9g', 'vDY5EDK2QJn');
insert into Users (id, name, username, password) values (342, 'Monte Konig', 'mkonig9h', 'APB1TNKlJj');
insert into Users (id, name, username, password) values (343, 'Ferdinand Kearn', 'fkearn9i', 'T61Zuw');
insert into Users (id, name, username, password) values (344, 'Culver Warstall', 'cwarstall9j', 'UIyIuS');
insert into Users (id, name, username, password) values (345, 'Hugues Toy', 'htoy9k', 'Zpp6s0Uax');
insert into Users (id, name, username, password) values (346, 'Hammad Yarker', 'hyarker9l', 'KTdt8RMVh');
insert into Users (id, name, username, password) values (347, 'Karlens Malcolmson', 'kmalcolmson9m', 'NNLmYAj1pKes');
insert into Users (id, name, username, password) values (348, 'Keenan Conachie', 'kconachie9n', '94nPXeM');
insert into Users (id, name, username, password) values (349, 'Rebecka Gibbs', 'rgibbs9o', 'm8qrIfn');
insert into Users (id, name, username, password) values (350, 'Loren Caulliere', 'lcaulliere9p', '75VSvI5r1K');
insert into Users (id, name, username, password) values (351, 'Vivyanne Care', 'vcare9q', 'OODTdz4UdfT');
insert into Users (id, name, username, password) values (352, 'Heidi Youll', 'hyoull9r', 'oZgtWUr38oA');
insert into Users (id, name, username, password) values (353, 'Mariele Huckfield', 'mhuckfield9s', 'RXmwEaBmMI');
insert into Users (id, name, username, password) values (354, 'Berkly Very', 'bvery9t', 'O8nTYzGFi');
insert into Users (id, name, username, password) values (355, 'Wells Geeraert', 'wgeeraert9u', 'oSf0yVVPuU3');
insert into Users (id, name, username, password) values (356, 'Annette Harbron', 'aharbron9v', 'VMHTtxntrQP');
insert into Users (id, name, username, password) values (357, 'Sigismundo Carlsson', 'scarlsson9w', 'swb0Sz');
insert into Users (id, name, username, password) values (358, 'Chan Vanezis', 'cvanezis9x', 'RRg3B8KjEu');
insert into Users (id, name, username, password) values (359, 'Grove Santostefano.', 'gsantostefano9y', 'bODLcYdyYp');
insert into Users (id, name, username, password) values (360, 'Natka Spradbrow', 'nspradbrow9z', 'SSsA3A3Yf');
insert into Users (id, name, username, password) values (361, 'Clara Timbs', 'ctimbsa0', 'b9KH74FCZHD');
insert into Users (id, name, username, password) values (362, 'Rodrick Gegg', 'rgegga1', 'PZ3FaCWj');
insert into Users (id, name, username, password) values (363, 'Brear Ivic', 'bivica2', 'yXlTnQw5WC');
insert into Users (id, name, username, password) values (364, 'Hollis Halm', 'hhalma3', 'XSAJyrCGyjn');
insert into Users (id, name, username, password) values (365, 'Giustina Holburn', 'gholburna4', 'XpvNxowksL');
insert into Users (id, name, username, password) values (366, 'Reagan Trevino', 'rtrevinoa5', 'ktoqxNSVrFq');
insert into Users (id, name, username, password) values (367, 'Dulcinea Coles', 'dcolesa6', 'LBLNW2Xmez6');
insert into Users (id, name, username, password) values (368, 'Marys Dare', 'mdarea7', 'Uldc12');
insert into Users (id, name, username, password) values (369, 'Annadiana Muttitt', 'amuttitta8', '8vjxE7CEsH4');
insert into Users (id, name, username, password) values (370, 'Cathie Durber', 'cdurbera9', 'aIVuwS');
insert into Users (id, name, username, password) values (371, 'Olly Gammet', 'ogammetaa', 'qdpnCZwHU');
insert into Users (id, name, username, password) values (372, 'Karlotte Gaffon', 'kgaffonab', 'e7d0a3');
insert into Users (id, name, username, password) values (373, 'Lek Giraudou', 'lgiraudouac', 'ZocpouzVI');
insert into Users (id, name, username, password) values (374, 'Hillyer Smaling', 'hsmalingad', 'eSqeXzi');
insert into Users (id, name, username, password) values (375, 'Jobye Mityushin', 'jmityushinae', 'YUv1G3KS2KS');
insert into Users (id, name, username, password) values (376, 'Wood Sapena', 'wsapenaaf', 'jXabq0d');
insert into Users (id, name, username, password) values (377, 'Natala Crum', 'ncrumag', '5LtJx0z7jKm');
insert into Users (id, name, username, password) values (378, 'Guy Kroger', 'gkrogerah', 'KyYfptN2V3Y');
insert into Users (id, name, username, password) values (379, 'Abbey Clothier', 'aclothierai', 'GdZ7R15');
insert into Users (id, name, username, password) values (380, 'Tucky Whatson', 'twhatsonaj', 'uJWUZYM3');
insert into Users (id, name, username, password) values (381, 'Dennison Dallender', 'ddallenderak', 'nb1I86A');
insert into Users (id, name, username, password) values (382, 'Ann Youson', 'ayousonal', '9B7zBxP');
insert into Users (id, name, username, password) values (383, 'Lauraine Goodding', 'lgooddingam', 'wiX3m3p');
insert into Users (id, name, username, password) values (384, 'Nataniel Guilford', 'nguilfordan', 'iYCNqCfNo1JL');
insert into Users (id, name, username, password) values (385, 'Loella Wathan', 'lwathanao', 'FQroRdh8Kbn');
insert into Users (id, name, username, password) values (386, 'Dorice Huebner', 'dhuebnerap', 'wK71g8cd');
insert into Users (id, name, username, password) values (387, 'Brandtr Bastock', 'bbastockaq', 'i37tBfuvJcm');
insert into Users (id, name, username, password) values (388, 'Steffane Seacombe', 'sseacombear', 'FZzRY02qUX');
insert into Users (id, name, username, password) values (389, 'Romeo Casin', 'rcasinas', 'iBGpnBWDF');
insert into Users (id, name, username, password) values (390, 'Putnem Mandifield', 'pmandifieldat', 'oQtProXVm8h');
insert into Users (id, name, username, password) values (391, 'Jeramey Dennick', 'jdennickau', 'aGvGnEB4Yhh');
insert into Users (id, name, username, password) values (392, 'Alisa Gillan', 'agillanav', 'ACjClL');
insert into Users (id, name, username, password) values (393, 'Albert Poston', 'apostonaw', 'G4WqQ9CZ');
insert into Users (id, name, username, password) values (394, 'Dilan Silverthorn', 'dsilverthornax', 'KzeNiLjE1wYe');
insert into Users (id, name, username, password) values (395, 'Windham Sawrey', 'wsawreyay', '9lW7HYsK');
insert into Users (id, name, username, password) values (396, 'Hedvig Turrell', 'hturrellaz', 'z9Hc8N7gvmo');
insert into Users (id, name, username, password) values (397, 'Aviva Janowski', 'ajanowskib0', '69KdJRy2v');
insert into Users (id, name, username, password) values (398, 'Blinny Beseke', 'bbesekeb1', 'MoZsIGWyg');
insert into Users (id, name, username, password) values (399, 'Ivie Duffell', 'iduffellb2', 'CUOs0vW3');
insert into Users (id, name, username, password) values (400, 'Teressa Teodorski', 'tteodorskib3', 'bU4JE2U8');
insert into Users (id, name, username, password) values (401, 'Loy Stowe', 'lstoweb4', 'crDhnKk0981J');
insert into Users (id, name, username, password) values (402, 'Marve Mayer', 'mmayerb5', 'k4HEWvf');
insert into Users (id, name, username, password) values (403, 'Maura Silby', 'msilbyb6', 'xiyIM9DxFR8O');
insert into Users (id, name, username, password) values (404, 'Cloe Ruste', 'crusteb7', 'MrqC3L3S');
insert into Users (id, name, username, password) values (405, 'Jackson Bunclark', 'jbunclarkb8', 'BGitnwn2lF7');
insert into Users (id, name, username, password) values (406, 'Margarita Wisham', 'mwishamb9', 'TDuKFL1KZ4');
insert into Users (id, name, username, password) values (407, 'Chrysa Ing', 'cingba', 'eNahUr');
insert into Users (id, name, username, password) values (408, 'Webster Johnys', 'wjohnysbb', 'Gf7FvoKYa');
insert into Users (id, name, username, password) values (409, 'Bab Scorer', 'bscorerbc', 'YvjEmzs');
insert into Users (id, name, username, password) values (410, 'Julie Bettington', 'jbettingtonbd', '9IOMTNw2');
insert into Users (id, name, username, password) values (411, 'Starlin Emm', 'semmbe', 'dYqCyI31');
insert into Users (id, name, username, password) values (412, 'Vittoria Krabbe', 'vkrabbebf', 'kJK87Vvtv3');
insert into Users (id, name, username, password) values (413, 'Silvano Fomichyov', 'sfomichyovbg', 'PqqHhsFCTxz');
insert into Users (id, name, username, password) values (414, 'Peyter Haggerston', 'phaggerstonbh', 'qi9TPgdMK');
insert into Users (id, name, username, password) values (415, 'Rickie Stollenbeck', 'rstollenbeckbi', 'SBncqdkaH');
insert into Users (id, name, username, password) values (416, 'Abbott Reburn', 'areburnbj', 'vCbXAI');
insert into Users (id, name, username, password) values (417, 'Shae Rauprich', 'srauprichbk', 'tpVjYxYqb');
insert into Users (id, name, username, password) values (418, 'Michale O''Fallone', 'mofallonebl', 'Rd8nSI');
insert into Users (id, name, username, password) values (419, 'Joshuah Boutwell', 'jboutwellbm', 'KsgFY6Q3MECn');
insert into Users (id, name, username, password) values (420, 'Lodovico Shermar', 'lshermarbn', 'Mb6nnVIz');
insert into Users (id, name, username, password) values (421, 'June Colleford', 'jcollefordbo', '6DB0HtE9oIt');
insert into Users (id, name, username, password) values (422, 'Adi Follan', 'afollanbp', 'DY6IhS');
insert into Users (id, name, username, password) values (423, 'Gabriel Bean', 'gbeanbq', '9WXiHDC');
insert into Users (id, name, username, password) values (424, 'Milicent Corzor', 'mcorzorbr', 'OJmP4bY');
insert into Users (id, name, username, password) values (425, 'Garald Weightman', 'gweightmanbs', 'LG5HZitk');
insert into Users (id, name, username, password) values (426, 'Lorne Guidotti', 'lguidottibt', '6uFGIkP8');
insert into Users (id, name, username, password) values (427, 'Stanley Jimmison', 'sjimmisonbu', 'JY8kct');
insert into Users (id, name, username, password) values (428, 'Shoshanna Nipper', 'snipperbv', 'ND440Dd');
insert into Users (id, name, username, password) values (429, 'Heywood Zarfat', 'hzarfatbw', 'zPIfqznj5B');
insert into Users (id, name, username, password) values (430, 'Vivianna Boerderman', 'vboerdermanbx', 'RTgUhAEp9');
insert into Users (id, name, username, password) values (431, 'Novelia Fausset', 'nfaussetby', 'Z5SSislX');
insert into Users (id, name, username, password) values (432, 'Olenka Blanking', 'oblankingbz', 'HjXeRKOk2op');
insert into Users (id, name, username, password) values (433, 'Bernadene Fellnee', 'bfellneec0', 'bCrLjN3Cfu');
insert into Users (id, name, username, password) values (434, 'Bev Gibbeson', 'bgibbesonc1', 'R8RCrDH');
insert into Users (id, name, username, password) values (435, 'Berget Aldhous', 'baldhousc2', 'nDJWAlRIH');
insert into Users (id, name, username, password) values (436, 'Beryl Fetherby', 'bfetherbyc3', 'Xkx80LMv9');
insert into Users (id, name, username, password) values (437, 'Thain Domsalla', 'tdomsallac4', 'ftFZSWggI92');
insert into Users (id, name, username, password) values (438, 'Ignazio Rumsey', 'irumseyc5', 'UgXafZgFu6');
insert into Users (id, name, username, password) values (439, 'Brena Kindell', 'bkindellc6', '4rEQeRtzhq5');
insert into Users (id, name, username, password) values (440, 'Terese Pascow', 'tpascowc7', 'OZYwQf5N7');
insert into Users (id, name, username, password) values (441, 'Meir Kenninghan', 'mkenninghanc8', 'NyzP1EY4');
insert into Users (id, name, username, password) values (442, 'Coretta Longden', 'clongdenc9', 'IRd2aJPVAjS');
insert into Users (id, name, username, password) values (443, 'Lorry Fewlass', 'lfewlassca', 'wRUImpIeaPM9');
insert into Users (id, name, username, password) values (444, 'Munmro Gallelli', 'mgallellicb', '4xYGde81yuQ5');
insert into Users (id, name, username, password) values (445, 'Danny Nassy', 'dnassycc', 'Aexvoe63vjoL');
insert into Users (id, name, username, password) values (446, 'Ransom Pedron', 'rpedroncd', 'unRhIY1jJ6');
insert into Users (id, name, username, password) values (447, 'Alaric McCraw', 'amccrawce', 'RqWCWhR');
insert into Users (id, name, username, password) values (448, 'Barby Cusworth', 'bcusworthcf', 'awWZcRMrZpK');
insert into Users (id, name, username, password) values (449, 'Nerti Docksey', 'ndockseycg', '73UF3Af');
insert into Users (id, name, username, password) values (450, 'Basile Lewis', 'blewisch', 'z8FFgYF');
insert into Users (id, name, username, password) values (451, 'Lana Reyna', 'lreynaci', 'PZ3KbomAPqp');
insert into Users (id, name, username, password) values (452, 'Francene Eidler', 'feidlercj', 'NsuSR3ptR49x');
insert into Users (id, name, username, password) values (453, 'Denney Sanz', 'dsanzck', 'J588YVr9');
insert into Users (id, name, username, password) values (454, 'Alana Ovise', 'aovisecl', 'ssdmejgYHzi');
insert into Users (id, name, username, password) values (455, 'Osborne Moppett', 'omoppettcm', '7pDFlSr');
insert into Users (id, name, username, password) values (456, 'Ema Duddin', 'eduddincn', '3ILiK206dF');
insert into Users (id, name, username, password) values (457, 'Bryn Artingstall', 'bartingstallco', 'iZpJ7et');
insert into Users (id, name, username, password) values (458, 'Adolphe Linggood', 'alinggoodcp', 'eBNhRDMvO4lv');
insert into Users (id, name, username, password) values (459, 'Hannis Sebert', 'hsebertcq', 'zHfrY9NYl');
insert into Users (id, name, username, password) values (460, 'Merola Crosbie', 'mcrosbiecr', 'tqUP9I');
insert into Users (id, name, username, password) values (461, 'Ange Wormell', 'awormellcs', '6rT1zzyRJ');
insert into Users (id, name, username, password) values (462, 'Elane Maryet', 'emaryetct', 'WmHNG7X5H');
insert into Users (id, name, username, password) values (463, 'Livvie Worcester', 'lworcestercu', 'zZojtO');
insert into Users (id, name, username, password) values (464, 'Ali Baudoux', 'abaudouxcv', 'sGO7beYwG');
insert into Users (id, name, username, password) values (465, 'Caddric Mariet', 'cmarietcw', 'exfvRA');
insert into Users (id, name, username, password) values (466, 'Meade Sillito', 'msillitocx', 'cAxyNBk');
insert into Users (id, name, username, password) values (467, 'Roberta Horder', 'rhordercy', 'imsdHh');
insert into Users (id, name, username, password) values (468, 'Tara Soans', 'tsoanscz', 'ktND8eHG');
insert into Users (id, name, username, password) values (469, 'Florina Grason', 'fgrasond0', 'Vt2GZxU');
insert into Users (id, name, username, password) values (470, 'Candice Puddan', 'cpuddand1', '4mItu9SaqZ');
insert into Users (id, name, username, password) values (471, 'Bobette Bachman', 'bbachmand2', 'D371py6GNi');
insert into Users (id, name, username, password) values (472, 'Sandy MacMenamy', 'smacmenamyd3', 'drjjY6k');
insert into Users (id, name, username, password) values (473, 'Bidget Compton', 'bcomptond4', 'ciM1Nug');
insert into Users (id, name, username, password) values (474, 'Thor Blackett', 'tblackettd5', 'dkGJI1u');
insert into Users (id, name, username, password) values (475, 'Patty Lyfe', 'plyfed6', 'LoaIUxbOLrXw');
insert into Users (id, name, username, password) values (476, 'Somerset Hudghton', 'shudghtond7', 'GRWurf');
insert into Users (id, name, username, password) values (477, 'Hope Roebottom', 'hroebottomd8', 'sKJGw5k');
insert into Users (id, name, username, password) values (478, 'Liane Gladyer', 'lgladyerd9', 'mc7CiGPF');
insert into Users (id, name, username, password) values (479, 'Bernette Seifenmacher', 'bseifenmacherda', 'dfd0GfQ');
insert into Users (id, name, username, password) values (480, 'Janeva Fellenor', 'jfellenordb', 'ZXwTOr');
insert into Users (id, name, username, password) values (481, 'Maryanne Kingscote', 'mkingscotedc', 'lMrYOmTYg');
insert into Users (id, name, username, password) values (482, 'Elisabetta Elms', 'eelmsdd', 'g6JWW9vvfr8w');
insert into Users (id, name, username, password) values (483, 'Viva Howood', 'vhowoodde', 'FtexivBUIv2y');
insert into Users (id, name, username, password) values (484, 'Zuzana Ayling', 'zaylingdf', '0L3vIo5J');
insert into Users (id, name, username, password) values (485, 'Calv Clewlow', 'cclewlowdg', 'rPiTIuuc4vE');
insert into Users (id, name, username, password) values (486, 'Yankee Lambell', 'ylambelldh', 'bU2GCgrP0');
insert into Users (id, name, username, password) values (487, 'Althea Tomini', 'atominidi', 'JOHUEyJrXh');
insert into Users (id, name, username, password) values (488, 'Sergei Banville', 'sbanvilledj', 'APDYsB');
insert into Users (id, name, username, password) values (489, 'Remy Borton', 'rbortondk', '0Sk7GCaCg');
insert into Users (id, name, username, password) values (490, 'Dulcine Garett', 'dgarettdl', '1odZ4zPe0');
insert into Users (id, name, username, password) values (491, 'Montgomery Feitosa', 'mfeitosadm', '2HwX0U1m');
insert into Users (id, name, username, password) values (492, 'Giana Wither', 'gwitherdn', 'cHvPpbyc2');
insert into Users (id, name, username, password) values (493, 'Sloan Pirdue', 'spirduedo', '1GBxDQmIeE');
insert into Users (id, name, username, password) values (494, 'Leisha Loos', 'lloosdp', 'SNf6KmnLZ');
insert into Users (id, name, username, password) values (495, 'Filmore Dmitrovic', 'fdmitrovicdq', 'tYfNs2');
insert into Users (id, name, username, password) values (496, 'Joni Barfford', 'jbarfforddr', 'A5ZXwZ');
insert into Users (id, name, username, password) values (497, 'Teirtza Bounde', 'tboundeds', '70B0ovcsi');
insert into Users (id, name, username, password) values (498, 'Isabelita Lacase', 'ilacasedt', 'zMhY3g5dlAQ');
insert into Users (id, name, username, password) values (499, 'Annalise Winnett', 'awinnettdu', '0AGFYhaqkP');
insert into Users (id, name, username, password) values (500, 'Anallese Cordova', 'acordovadv', '45EqyX');
insert into Users (id, name, username, password) values (501, 'Elinore Askey', 'easkeydw', 'UiWvhSG22SY');
insert into Users (id, name, username, password) values (502, 'Lisa Heigl', 'lheigldx', 'tIjNyWYw');
insert into Users (id, name, username, password) values (503, 'Randa Faber', 'rfaberdy', 'oXqbksAp');
insert into Users (id, name, username, password) values (504, 'Valli Flemyng', 'vflemyngdz', 'Gk990c8CBI');
insert into Users (id, name, username, password) values (505, 'Emelyne Jentet', 'ejentete0', 'ND3wA608');
insert into Users (id, name, username, password) values (506, 'Florri Ashforth', 'fashforthe1', 'iARNcKV');
insert into Users (id, name, username, password) values (507, 'Danell Jukes', 'djukese2', 'z6f5chcr');
insert into Users (id, name, username, password) values (508, 'Blaine Elleton', 'belletone3', 'voDntOT');
insert into Users (id, name, username, password) values (509, 'Jodi Duxbarry', 'jduxbarrye4', '78IbD97');
insert into Users (id, name, username, password) values (510, 'Danny Clapham', 'dclaphame5', 'ln17e6hLaeh');
insert into Users (id, name, username, password) values (511, 'Albertine Thurber', 'athurbere6', 'UhsLt86kG1WF');
insert into Users (id, name, username, password) values (512, 'Henrietta Hotchkin', 'hhotchkine7', 'p2dmA3Ibwp');
insert into Users (id, name, username, password) values (513, 'Tadeas Novik', 'tnovike8', '9ev0jInZaxI');
insert into Users (id, name, username, password) values (514, 'Natty Vise', 'nvisee9', 'JXkAA3kR4e');
insert into Users (id, name, username, password) values (515, 'Netta Binestead', 'nbinesteadea', '1T1uuNkH7Pd');
insert into Users (id, name, username, password) values (516, 'Fiann Alleyn', 'falleyneb', 'Tt1XFMvKQBRj');
insert into Users (id, name, username, password) values (517, 'Sorcha Cruse', 'scruseec', 'g1qHHwY');
insert into Users (id, name, username, password) values (518, 'Zenia Bussons', 'zbussonsed', 'vLscvkFVmd1j');
insert into Users (id, name, username, password) values (519, 'Malynda Spackman', 'mspackmanee', 'KhzNSa');
insert into Users (id, name, username, password) values (520, 'Shaun Menhci', 'smenhcief', 'i2bRfCIg');
insert into Users (id, name, username, password) values (521, 'Ethelred Koenen', 'ekoeneneg', '2jnSOLKRyzCQ');
insert into Users (id, name, username, password) values (522, 'Ruprecht Bartolomeoni', 'rbartolomeonieh', 'yglpYhfuy9');
insert into Users (id, name, username, password) values (523, 'Ulrike Gambrell', 'ugambrellei', 'rmJXlrI5');
insert into Users (id, name, username, password) values (524, 'Aurelia Binnall', 'abinnallej', 'wrUk39osFN8s');
insert into Users (id, name, username, password) values (525, 'Janice Aulsford', 'jaulsfordek', 'cXxNY0mKB');
insert into Users (id, name, username, password) values (526, 'Gage McLarty', 'gmclartyel', 'DCFNsGiHM');
insert into Users (id, name, username, password) values (527, 'Garrik Antoshin', 'gantoshinem', 'JjRua9ZOMdrO');
insert into Users (id, name, username, password) values (528, 'Harmony Naper', 'hnaperen', '8OB9Oxz');
insert into Users (id, name, username, password) values (529, 'May Kitchingman', 'mkitchingmaneo', 'y6f6k9kn');
insert into Users (id, name, username, password) values (530, 'Dorita MacIntyre', 'dmacintyreep', 'd3aQu3uY');
insert into Users (id, name, username, password) values (531, 'Charlotte Beadnell', 'cbeadnelleq', 'qnkK12');
insert into Users (id, name, username, password) values (532, 'Patty Brennand', 'pbrennander', 'c1SZi9');
insert into Users (id, name, username, password) values (533, 'Martie Polden', 'mpoldenes', 'AbS8jvOZpxDT');
insert into Users (id, name, username, password) values (534, 'Boothe Moulsdale', 'bmoulsdaleet', '3N8jGDNZKDIY');
insert into Users (id, name, username, password) values (535, 'Lukas Ledes', 'lledeseu', 'y5L3UYL1lr');
insert into Users (id, name, username, password) values (536, 'Garald Davoren', 'gdavorenev', 'svleQ5gIw');
insert into Users (id, name, username, password) values (537, 'Sorcha Drohane', 'sdrohaneew', 'LljBUnbL0pb2');
insert into Users (id, name, username, password) values (538, 'Owen MacAdie', 'omacadieex', 'wmAgvmO');
insert into Users (id, name, username, password) values (539, 'Martha Molfino', 'mmolfinoey', 'wlhF0C1');
insert into Users (id, name, username, password) values (540, 'Martita Elldred', 'melldredez', '8QQXLGjt9oAc');
insert into Users (id, name, username, password) values (541, 'Lavena Jessop', 'ljessopf0', 'D2GV25BLJYzK');
insert into Users (id, name, username, password) values (542, 'Meggy Pasby', 'mpasbyf1', 'OzYEBA');
insert into Users (id, name, username, password) values (543, 'Ramon Shepherd', 'rshepherdf2', 'N2ua27NJc');
insert into Users (id, name, username, password) values (544, 'Bibbye Durtnal', 'bdurtnalf3', 'pPtMR7Gmgsd');
insert into Users (id, name, username, password) values (545, 'Rosy Del Castello', 'rdelf4', 'IIhQ7u');
insert into Users (id, name, username, password) values (546, 'Matthus Johansen', 'mjohansenf5', 'xm5vbGn0');
insert into Users (id, name, username, password) values (547, 'Dame McAnulty', 'dmcanultyf6', 'FgEdrWS');
insert into Users (id, name, username, password) values (548, 'Braden Immer', 'bimmerf7', 'PA6KU3');
insert into Users (id, name, username, password) values (549, 'Stormy Search', 'ssearchf8', 'bxo8g9Q0r');
insert into Users (id, name, username, password) values (550, 'Tandie Pensom', 'tpensomf9', 'SMS3dvDsS8');
insert into Users (id, name, username, password) values (551, 'Channa Gruszczak', 'cgruszczakfa', 'ZwMUyYDx');
insert into Users (id, name, username, password) values (552, 'Marjie Osmar', 'mosmarfb', 'w2GBW5tgH');
insert into Users (id, name, username, password) values (553, 'Enrichetta Canedo', 'ecanedofc', 'NvfoRyyjayXy');
insert into Users (id, name, username, password) values (554, 'Carmelia Scothorn', 'cscothornfd', 'DtkfIBDjIc07');
insert into Users (id, name, username, password) values (555, 'Laurene Mileham', 'lmilehamfe', 'LnaZKz6PQ');
insert into Users (id, name, username, password) values (556, 'Krystyna Longhi', 'klonghiff', 'RfrD2hz8Z');
insert into Users (id, name, username, password) values (557, 'Pauly Jain', 'pjainfg', '9FhxgkwtdIIY');
insert into Users (id, name, username, password) values (558, 'Lilah Alelsandrovich', 'lalelsandrovichfh', '6aThIHsyZsM');
insert into Users (id, name, username, password) values (559, 'Haydon McNish', 'hmcnishfi', '7ukoOw');
insert into Users (id, name, username, password) values (560, 'Corine Velten', 'cveltenfj', 'r1LBVwHqW');
insert into Users (id, name, username, password) values (561, 'Stanislas Gee', 'sgeefk', 'OPXzjOI');
insert into Users (id, name, username, password) values (562, 'Flemming Kubicka', 'fkubickafl', 'jltrDcjh');
insert into Users (id, name, username, password) values (563, 'Brigham Huttley', 'bhuttleyfm', 'tVHKhyV');
insert into Users (id, name, username, password) values (564, 'Cherish Rideout', 'crideoutfn', 'D2uTNTK3c3');
insert into Users (id, name, username, password) values (565, 'Codi Liles', 'clilesfo', 'usuqB2');
insert into Users (id, name, username, password) values (566, 'Rube Sandifer', 'rsandiferfp', 'VbIwgF');
insert into Users (id, name, username, password) values (567, 'Skip Pickover', 'spickoverfq', 'CfsVhratFCUJ');
insert into Users (id, name, username, password) values (568, 'Janaya Richt', 'jrichtfr', 'uxKhYjrmkss');
insert into Users (id, name, username, password) values (569, 'Jobye Phetteplace', 'jphetteplacefs', 'Bn5SxYbmswQl');
insert into Users (id, name, username, password) values (570, 'Brynn Posse', 'bposseft', 'Py9ImNv6i');
insert into Users (id, name, username, password) values (571, 'Truda Greystock', 'tgreystockfu', 'Kx4l6pkD');
insert into Users (id, name, username, password) values (572, 'Ofilia Strangeway', 'ostrangewayfv', 'h1y46Gpx');
insert into Users (id, name, username, password) values (573, 'Collie Beatson', 'cbeatsonfw', 'd6hXu0JD86K');
insert into Users (id, name, username, password) values (574, 'Omar Spraggs', 'ospraggsfx', 'f4p85ggZ');
insert into Users (id, name, username, password) values (575, 'Terri Klasen', 'tklasenfy', 'h4aCvxMp');
insert into Users (id, name, username, password) values (576, 'Cloris Tye', 'ctyefz', 'hyDLqCO5rv');
insert into Users (id, name, username, password) values (577, 'Dani Bareford', 'dbarefordg0', 'JWPcCNeaR');
insert into Users (id, name, username, password) values (578, 'Angus Prydden', 'apryddeng1', 'gHKKB8WiIK');
insert into Users (id, name, username, password) values (579, 'Meaghan Staniland', 'mstanilandg2', 'kik58Y8bc3n');
insert into Users (id, name, username, password) values (580, 'Olive Boyse', 'oboyseg3', 'ingiGT');
insert into Users (id, name, username, password) values (581, 'Natalee Beccles', 'nbecclesg4', 'dhn126kWy');
insert into Users (id, name, username, password) values (582, 'Anders Onn', 'aonng5', 'Jv1mqIASd5');
insert into Users (id, name, username, password) values (583, 'Kean Weekes', 'kweekesg6', 'nHfnT9gvO5');
insert into Users (id, name, username, password) values (584, 'Bordy Leander', 'bleanderg7', 'q8gP8lv');
insert into Users (id, name, username, password) values (585, 'Legra Shapcote', 'lshapcoteg8', 'xbX2RSkQ');
insert into Users (id, name, username, password) values (586, 'Gwendolyn Mixture', 'gmixtureg9', 'oKo0IJhgFzo');
insert into Users (id, name, username, password) values (587, 'Bartholomeus Ossulton', 'bossultonga', 'JU6rlVtPYw');
insert into Users (id, name, username, password) values (588, 'Meggi Abramovicz', 'mabramoviczgb', 'Bn0boxAgIk');
insert into Users (id, name, username, password) values (589, 'Joella Stetlye', 'jstetlyegc', 'ARNR68ipyQ');
insert into Users (id, name, username, password) values (590, 'Howey Gianetti', 'hgianettigd', 'A34cdrdWsZ');
insert into Users (id, name, username, password) values (591, 'Chiquita Spolton', 'cspoltonge', 'PSOuN1Cvc');
insert into Users (id, name, username, password) values (592, 'Batholomew Baack', 'bbaackgf', 'j6CF1O');
insert into Users (id, name, username, password) values (593, 'Billie Lurner', 'blurnergg', 'cHeYO7t');
insert into Users (id, name, username, password) values (594, 'Brody Demaine', 'bdemainegh', 'oUp0bpItMXho');
insert into Users (id, name, username, password) values (595, 'Stepha Avramov', 'savramovgi', 'ZaA5dz');
insert into Users (id, name, username, password) values (596, 'Rudiger Janiak', 'rjaniakgj', 'nEICimOM');
insert into Users (id, name, username, password) values (597, 'Genvieve Macey', 'gmaceygk', 'EILAnoAIWzxH');
insert into Users (id, name, username, password) values (598, 'Celinda Coppock.', 'ccoppockgl', 'XqaWiV8fqOio');
insert into Users (id, name, username, password) values (599, 'Allie Flury', 'aflurygm', '0NDE7J');
insert into Users (id, name, username, password) values (600, 'Mellisa Blakeway', 'mblakewaygn', 'MAlJaJMhPyp');

-- CustomerReservations
insert into CustomerReservations (customer_id, provoli_id, nr_of_seats) values (281, 22, 2);
insert into CustomerReservations (customer_id, provoli_id, nr_of_seats) values (301, 22, 5);
insert into CustomerReservations (customer_id, provoli_id, nr_of_seats) values (227, 18, 1);
insert into CustomerReservations (customer_id, provoli_id, nr_of_seats) values (593, 16, 2);
insert into CustomerReservations (customer_id, provoli_id, nr_of_seats) values (183, 19, 2);
insert into CustomerReservations (customer_id, provoli_id, nr_of_seats) values (580, 20, 5);
insert into CustomerReservations (customer_id, provoli_id, nr_of_seats) values (271, 22, 5);
insert into CustomerReservations (customer_id, provoli_id, nr_of_seats) values (133, 20, 5);
insert into CustomerReservations (customer_id, provoli_id, nr_of_seats) values (175, 1, 1);
insert into CustomerReservations (customer_id, provoli_id, nr_of_seats) values (124, 6, 4);
insert into CustomerReservations (customer_id, provoli_id, nr_of_seats) values (299, 1, 3);
insert into CustomerReservations (customer_id, provoli_id, nr_of_seats) values (281, 13, 3);
insert into CustomerReservations (customer_id, provoli_id, nr_of_seats) values (91, 15, 3);
insert into CustomerReservations (customer_id, provoli_id, nr_of_seats) values (355, 19, 5);
insert into CustomerReservations (customer_id, provoli_id, nr_of_seats) values (142, 20, 1);
insert into CustomerReservations (customer_id, provoli_id, nr_of_seats) values (211, 9, 5);
insert into CustomerReservations (customer_id, provoli_id, nr_of_seats) values (16, 11, 2);
insert into CustomerReservations (customer_id, provoli_id, nr_of_seats) values (81, 30, 4);
insert into CustomerReservations (customer_id, provoli_id, nr_of_seats) values (317, 4, 3);
insert into CustomerReservations (customer_id, provoli_id, nr_of_seats) values (444, 25, 3);
insert into CustomerReservations (customer_id, provoli_id, nr_of_seats) values (420, 5, 1);
insert into CustomerReservations (customer_id, provoli_id, nr_of_seats) values (182, 15, 4);
insert into CustomerReservations (customer_id, provoli_id, nr_of_seats) values (368, 15, 4);
insert into CustomerReservations (customer_id, provoli_id, nr_of_seats) values (256, 17, 4);
insert into CustomerReservations (customer_id, provoli_id, nr_of_seats) values (556, 5, 3);
insert into CustomerReservations (customer_id, provoli_id, nr_of_seats) values (310, 16, 5);
insert into CustomerReservations (customer_id, provoli_id, nr_of_seats) values (242, 26, 1);
insert into CustomerReservations (customer_id, provoli_id, nr_of_seats) values (425, 22, 5);
insert into CustomerReservations (customer_id, provoli_id, nr_of_seats) values (560, 1, 4);
insert into CustomerReservations (customer_id, provoli_id, nr_of_seats) values (590, 2, 2);
insert into CustomerReservations (customer_id, provoli_id, nr_of_seats) values (270, 29, 3);
insert into CustomerReservations (customer_id, provoli_id, nr_of_seats) values (566, 22, 3);
insert into CustomerReservations (customer_id, provoli_id, nr_of_seats) values (86, 8, 5);
insert into CustomerReservations (customer_id, provoli_id, nr_of_seats) values (192, 17, 3);
insert into CustomerReservations (customer_id, provoli_id, nr_of_seats) values (173, 26, 4);
insert into CustomerReservations (customer_id, provoli_id, nr_of_seats) values (434, 4, 3);
insert into CustomerReservations (customer_id, provoli_id, nr_of_seats) values (87, 27, 5);
insert into CustomerReservations (customer_id, provoli_id, nr_of_seats) values (104, 14, 4);
insert into CustomerReservations (customer_id, provoli_id, nr_of_seats) values (68, 27, 3);
insert into CustomerReservations (customer_id, provoli_id, nr_of_seats) values (343, 21, 4);
insert into CustomerReservations (customer_id, provoli_id, nr_of_seats) values (43, 22, 5);
insert into CustomerReservations (customer_id, provoli_id, nr_of_seats) values (94, 25, 2);
insert into CustomerReservations (customer_id, provoli_id, nr_of_seats) values (10, 20, 2);
insert into CustomerReservations (customer_id, provoli_id, nr_of_seats) values (596, 4, 5);
insert into CustomerReservations (customer_id, provoli_id, nr_of_seats) values (203, 2, 1);
insert into CustomerReservations (customer_id, provoli_id, nr_of_seats) values (236, 14, 5);
insert into CustomerReservations (customer_id, provoli_id, nr_of_seats) values (363, 22, 2);
insert into CustomerReservations (customer_id, provoli_id, nr_of_seats) values (440, 6, 1);
insert into CustomerReservations (customer_id, provoli_id, nr_of_seats) values (570, 20, 1);
insert into CustomerReservations (customer_id, provoli_id, nr_of_seats) values (251, 17, 3);
insert into CustomerReservations (customer_id, provoli_id, nr_of_seats) values (288, 12, 3);
insert into CustomerReservations (customer_id, provoli_id, nr_of_seats) values (474, 6, 3);
insert into CustomerReservations (customer_id, provoli_id, nr_of_seats) values (504, 30, 4);
insert into CustomerReservations (customer_id, provoli_id, nr_of_seats) values (161, 1, 3);
insert into CustomerReservations (customer_id, provoli_id, nr_of_seats) values (357, 17, 1);
insert into CustomerReservations (customer_id, provoli_id, nr_of_seats) values (486, 23, 4);
insert into CustomerReservations (customer_id, provoli_id, nr_of_seats) values (467, 15, 1);
insert into CustomerReservations (customer_id, provoli_id, nr_of_seats) values (59, 4, 5);
insert into CustomerReservations (customer_id, provoli_id, nr_of_seats) values (292, 1, 5);
insert into CustomerReservations (customer_id, provoli_id, nr_of_seats) values (462, 5, 5);
insert into CustomerReservations (customer_id, provoli_id, nr_of_seats) values (496, 11, 5);
insert into CustomerReservations (customer_id, provoli_id, nr_of_seats) values (577, 3, 2);
insert into CustomerReservations (customer_id, provoli_id, nr_of_seats) values (131, 30, 4);
insert into CustomerReservations (customer_id, provoli_id, nr_of_seats) values (431, 28, 5);
insert into CustomerReservations (customer_id, provoli_id, nr_of_seats) values (224, 2, 2);
insert into CustomerReservations (customer_id, provoli_id, nr_of_seats) values (552, 11, 4);
insert into CustomerReservations (customer_id, provoli_id, nr_of_seats) values (590, 14, 1);
insert into CustomerReservations (customer_id, provoli_id, nr_of_seats) values (486, 20, 2);
insert into CustomerReservations (customer_id, provoli_id, nr_of_seats) values (344, 10, 4);
insert into CustomerReservations (customer_id, provoli_id, nr_of_seats) values (203, 18, 1);
insert into CustomerReservations (customer_id, provoli_id, nr_of_seats) values (88, 11, 2);
insert into CustomerReservations (customer_id, provoli_id, nr_of_seats) values (478, 19, 2);
insert into CustomerReservations (customer_id, provoli_id, nr_of_seats) values (146, 30, 2);
insert into CustomerReservations (customer_id, provoli_id, nr_of_seats) values (448, 19, 5);
insert into CustomerReservations (customer_id, provoli_id, nr_of_seats) values (208, 17, 1);
insert into CustomerReservations (customer_id, provoli_id, nr_of_seats) values (253, 1, 5);
insert into CustomerReservations (customer_id, provoli_id, nr_of_seats) values (247, 5, 4);
insert into CustomerReservations (customer_id, provoli_id, nr_of_seats) values (202, 18, 3);
insert into CustomerReservations (customer_id, provoli_id, nr_of_seats) values (448, 3, 3);
insert into CustomerReservations (customer_id, provoli_id, nr_of_seats) values (240, 1, 5);
insert into CustomerReservations (customer_id, provoli_id, nr_of_seats) values (242, 27, 3);
insert into CustomerReservations (customer_id, provoli_id, nr_of_seats) values (585, 8, 1);
insert into CustomerReservations (customer_id, provoli_id, nr_of_seats) values (171, 28, 5);
insert into CustomerReservations (customer_id, provoli_id, nr_of_seats) values (9, 7, 1);
insert into CustomerReservations (customer_id, provoli_id, nr_of_seats) values (244, 20, 2);
insert into CustomerReservations (customer_id, provoli_id, nr_of_seats) values (302, 10, 4);
insert into CustomerReservations (customer_id, provoli_id, nr_of_seats) values (344, 11, 5);
insert into CustomerReservations (customer_id, provoli_id, nr_of_seats) values (349, 3, 2);
insert into CustomerReservations (customer_id, provoli_id, nr_of_seats) values (575, 4, 3);
insert into CustomerReservations (customer_id, provoli_id, nr_of_seats) values (94, 30, 3);
insert into CustomerReservations (customer_id, provoli_id, nr_of_seats) values (419, 25, 5);
insert into CustomerReservations (customer_id, provoli_id, nr_of_seats) values (345, 1, 5);
insert into CustomerReservations (customer_id, provoli_id, nr_of_seats) values (146, 6, 5);
insert into CustomerReservations (customer_id, provoli_id, nr_of_seats) values (81, 20, 4);
insert into CustomerReservations (customer_id, provoli_id, nr_of_seats) values (455, 1, 5);
insert into CustomerReservations (customer_id, provoli_id, nr_of_seats) values (316, 14, 1);
insert into CustomerReservations (customer_id, provoli_id, nr_of_seats) values (330, 25, 1);
insert into CustomerReservations (customer_id, provoli_id, nr_of_seats) values (66, 9, 3);
insert into CustomerReservations (customer_id, provoli_id, nr_of_seats) values (394, 25, 1);
insert into CustomerReservations (customer_id, provoli_id, nr_of_seats) values (273, 4, 4);